id,slug,title,status_code,problem_ledger_ids,url
result-001,tau-kernel-coherence,The τ-Coherence Kernel: Seven Axioms on Five Generators,R,,/results/problem/tau-kernel-coherence/
result-002,hyperfactorization-theorem,Hyperfactorization: Every Object Has a Unique Canonical Normal Form,R,,/results/problem/hyperfactorization-theorem/
result-003,prime-polarity-theorem,Prime Polarity: Primes as Finite Witnesses of Infinity,R,,/results/problem/prime-polarity-theorem/
result-004,mutual-determination,Mutual Determination: Five Characterizations of Holomorphic Functions,R,,/results/problem/mutual-determination/
result-005,central-theorem,Central Theorem: O(τ³) ≅ A_spec(L),R,,/results/problem/central-theorem/
result-006,canonical-ladder-theorem,Canonical Ladder: E₀ ⊊ E₁ ⊊ E₂ ⊊ E₃ Is the Unique Maximal Enrichment Chain,R,,/results/problem/canonical-ladder-theorem/
result-007,hinge-theorem-no-knobs,Hinge Theorem: Books IV–VII Are Sector Instantiations of Book III,R,,/results/problem/hinge-theorem-no-knobs/
result-008,master-schema-millennium,Master Schema: All Eight Millennium Problems Are Instances of Mutual Determination,R,,/results/problem/master-schema-millennium/
result-009,three-generations-matter,Three Generations of Matter from H₁(τ³;ℤ) ≅ ℤ³,R,,/results/problem/three-generations-matter/
result-010,strong-cp-problem-solved,Strong CP Problem Solved: θ_QCD = 0 from SA-i Admissibility,R,,/results/problem/strong-cp-problem-solved/
result-011,w-boson-mass-prediction,W-Boson Mass Prediction at −0.5 ppm,R,,/results/problem/w-boson-mass-prediction/
result-012,higgs-mass-prediction,Higgs Boson Mass Prediction at +8.0 ppm,R,,/results/problem/higgs-mass-prediction/
result-013,three-colors-derived,Exactly Three Colors: N_c = 3 from Primorial Depth,R,,/results/problem/three-colors-derived/
result-014,tensor-to-scalar-ratio,Tensor-to-Scalar Ratio r = ι<sub>τ</sub>⁴ = 0.0136,R,,/results/problem/tensor-to-scalar-ratio/
result-015,no-dark-matter-particle,No Dark Matter Particle: Sector Exhaustion Theorem,R,phys-dark-matter,/results/problem/no-dark-matter-particle/
result-016,flat-rotation-curves,Flat Galaxy Rotation Curves from Capacity Gradient,R,phys-dark-matter phys-galaxy-rotation-problem,/results/problem/flat-rotation-curves/
result-017,no-singularity-theorem,No Singularity: Profinite Structure Blocks a → 0,R,,/results/problem/no-singularity-theorem/
result-018,vacuum-energy-zero,Vacuum Energy = 0: Cosmological Constant Problem Dissolved,R,,/results/problem/vacuum-energy-zero/
result-019,abiogenesis-inevitability,Abiogenesis Is Inevitable: Life Is a Thermodynamic Attractor,R,life-origin-of-life,/results/problem/abiogenesis-inevitability/
result-020,substrate-abstraction,Substrate Abstraction: The 5+3 Life Conditions Are Substrate-Free,R,,/results/problem/substrate-abstraction/
result-021,black-holes-alive,Black Holes Are Alive: BH Satisfies All 5+3 Conditions,R,,/results/problem/black-holes-alive/
result-022,stars-not-alive,Stars Are Not Alive: Quadrant III — Distinction Without SelfDesc,R,,/results/problem/stars-not-alive/
result-023,categorical-imperative-fixed-point,The Categorical Imperative Is the Unique j-Closed Fixed Point,R,,/results/problem/categorical-imperative-fixed-point/
result-024,saturation-theorem-no-e4,Saturation Theorem: The Enrichment Ladder Terminates at E₃,R,,/results/problem/saturation-theorem-no-e4/
result-025,consciousness-global-section,Consciousness Is a Global Section: Γ(Mind),P,life-consciousness,/results/problem/consciousness-global-section/
result-026,tau-inevitability,Inevitability: Six Ontic Requirements Force the τ-Kernel,R,,/results/problem/tau-inevitability/
result-027,global-hartogs-extension,Global Hartogs Extension: Boundary Determines Interior,R,,/results/problem/global-hartogs-extension/
result-028,tau-identity-theorem,Tau-Identity Theorem: Agreement at One Depth Implies Agreement Everywhere,R,,/results/problem/tau-identity-theorem/
result-029,fourth-quadrant-resolution,Fourth Quadrant Framework Account: QM and GR Unified in τ,R,,/results/problem/fourth-quadrant-resolution/
result-030,time-derivation-theorem,Time Derivation Theorem: Proper Time from K0–K6,R,,/results/problem/time-derivation-theorem/
result-031,no-bh-evaporation,No Black Hole Evaporation: dM/dn ≥ 0 and Information Preserved,C,,/results/problem/no-bh-evaporation/
result-032,lithium-7-problem-resolved,Li-7 Framework Account: ⁷Li/H via Fiber Suppression S = 1/3,R,phys-the-lithium-problem,/results/problem/lithium-7-problem-resolved/
result-033,koide-relation,Koide Relation at −9 ppm: Q = 2/3 from σ-Equivariant Mass Matrix,R,,/results/problem/koide-relation/
result-034,cabibbo-angle,Cabibbo Angle: sin θ_C = ι<sub>τ</sub>(1 − ι<sub>τ</sub>) at −2327 ppm,R,,/results/problem/cabibbo-angle/
result-035,weinberg-angle-nnlo,Weinberg Angle NNLO at −0.7 ppm,R,,/results/problem/weinberg-angle-nnlo/
result-036,yang-mills-mass-gap,Yang-Mills Mass Gap: δ∞^s > 0 Spectrally Isolated,P,,/results/problem/yang-mills-mass-gap/
result-037,cmb-first-peak,"CMB First Peak ℓ₁: LO at +2840 ppm, NLO at +69 ppm",R,,/results/problem/cmb-first-peak/
result-038,gravitational-constant-from-iota-tau,Gravitational Constant from ι<sub>τ</sub>: α_G at 3 ppm,R,,/results/problem/gravitational-constant-from-iota-tau/
result-039,arrow-of-time-orbit,Arrow of Time from Orbit Direction: Unique and Irreversible,R,,/results/problem/arrow-of-time-orbit/
result-040,parity-bridge-theorem,Parity Bridge Theorem: E₁ → 2_τ → E₂ Factors Through the Weak Sector,R,,/results/problem/parity-bridge-theorem/
result-041,seven-hallmarks-as-theorems,Seven Hallmarks of Life as Theorems,R,,/results/problem/seven-hallmarks-as-theorems/
result-042,layer-separation,Layer Separation: SelfDesc Is Unavailable at E₁,R,,/results/problem/layer-separation/
result-043,differentiation-irreversible,Differentiation Is Irreversible: Waddington Descent Monotone,R,,/results/problem/differentiation-irreversible/
result-044,goedel-avoidance,Gödel Avoidance: Five Mechanisms Prevent Diagonal Self-Negation in τ,R,,/results/problem/goedel-avoidance/
result-045,modal-logic-s4-theorem,Modal Logic S4 as Theorem: τ-Modal Operators and Kripke Soundness,R,,/results/problem/modal-logic-s4-theorem/
result-046,identity-as-nf-address-persistence,Identity as NF-Address Persistence: Personal Identity Across Change,R,,/results/problem/identity-as-nf-address-persistence/
result-047,free-will-as-branching,Free Will as Branching: Compatibilism Dissolved as Scale Confusion,R,life-biology-free-will life-neuroscience-free-will-particularly-the-neuroscience-of-free-will,/results/problem/free-will-as-branching/
result-048,proton-neutron-mass-difference,Proton-Neutron Mass Difference at +33 ppm,R,,/results/problem/proton-neutron-mass-difference/
result-049,baryogenesis-eta-b,Baryogenesis: η_B = α·ι<sub>τ</sub>¹⁵·(5/6) at −1%,R,,/results/problem/baryogenesis-eta-b/
result-050,tau-admissibility-collapse-p-np,τ-Admissibility Collapse: P = NP Within τ,Q,,/results/problem/tau-admissibility-collapse-p-np/
result-051,she-leveque-turbulence-exponents,She–Lévêque Turbulence Exponents Exact from τ³ Dimensions,R,,/results/problem/she-leveque-turbulence-exponents/
result-052,rydberg-constant-seven-significant-figures,Rydberg Constant at Seven Significant Figures from τ,R,,/results/problem/rydberg-constant-seven-significant-figures/
result-053,fine-structure-constant-alpha-inverse-137,Fine-Structure Constant α⁻¹ = 137.036 from ι<sub>τ</sub>,R,,/results/problem/fine-structure-constant-alpha-inverse-137/
result-054,electron-mass-0025-ppm,Electron Mass at 0.025 ppm: 10-Link Derivation from K0–K6,R,,/results/problem/electron-mass-0025-ppm/
result-055,spectral-index-ns-from-inflation,Spectral Index n_s = 1 – 2/N_e Derived from N_e = 57,P,,/results/problem/spectral-index-ns-from-inflation/
result-056,higgs-self-coupling-lambda-h-16-ppm,Higgs Self-Coupling λ_H = 0.12928 at +16 ppm,R,,/results/problem/higgs-self-coupling-lambda-h-16-ppm/
result-057,axial-coupling-g-a-5pt5-ppm,Axial Coupling g_A at +5.5 ppm via κ_D² /ι<sub>τ</sub> with CF Window NLO,R,,/results/problem/axial-coupling-g-a-5pt5-ppm/
result-058,cosmological-flatness-omega-k-zero,Cosmological Flatness Ω_k = 0 Exact from τ³ Compactness,R,,/results/problem/cosmological-flatness-omega-k-zero/
result-059,muon-anomalous-magnetic-moment-8pt8-ppm,Muon Anomalous Magnetic Moment a_μ at +8.8 ppm,R,,/results/problem/muon-anomalous-magnetic-moment-8pt8-ppm/
result-060,hubble-tension-resolved-h-formula,Hubble Tension Internal Readout: h = 2/3 + ι<sub>τ</sub>²/17 at –120 ppm,R,,/results/problem/hubble-tension-resolved-h-formula/
result-061,s8-tension-resolved-0pt783,S₈ Tension Framework Account: S₈ = 0.783 from f_supp × f_growth × f_ν,R,,/results/problem/s8-tension-resolved-0pt783/
result-062,proton-charge-radius-12-ppm,Proton Charge Radius r_p at +12 ppm (37× Improvement in Wave 46),R,,/results/problem/proton-charge-radius-12-ppm/
result-063,kolmogorov-constant-c-k-exact,Kolmogorov Constant C_K = 3/2 Exact from dim(τ³)/dim(T²),R,,/results/problem/kolmogorov-constant-c-k-exact/
result-064,helium-4-abundance-y-p-20-over-81,Helium-4 Primordial Abundance Y_p = 20/81 at 0.43σ from Planck,R,,/results/problem/helium-4-abundance-y-p-20-over-81/
result-065,neutrino-mass-sum-0pt089-ev-normal-ordering,"Neutrino Mass Sum Σm_ν = 0.089 eV, Normal Ordering Derived",R,,/results/problem/neutrino-mass-sum-0pt089-ev-normal-ordering/
result-066,homochirality-universality-12-step-derivation,Homochirality Universality: 12-Step Derivation from K0–K6 to L-Amino Acids,R,,/results/problem/homochirality-universality-12-step-derivation/
result-067,crossing-limit-theorem-merger-networks-iota-tau,Crossing-Limit Theorem: Merger Networks Converge to ι<sub>τ</sub>,R,,/results/problem/crossing-limit-theorem-merger-networks-iota-tau/
result-068,abiogenesis-timescale-bound,Abiogenesis Timescale Bound from Geometric Decay,R,life-origin-of-life,/results/problem/abiogenesis-timescale-bound/
result-069,genetic-code-optimality-top-0pt01-percent,Genetic Code Optimality: Top 0.01% for Error Minimization,R,,/results/problem/genetic-code-optimality-top-0pt01-percent/
result-070,atp-currency-uniqueness,ATP Currency Uniqueness: Topology and Coupling Fix the Energy Scale,R,,/results/problem/atp-currency-uniqueness/
result-071,virus-exclusion-nodist-theorem,Virus Exclusion: NoDist Theorem (3/5 Distinction Conditions Fail),R,,/results/problem/virus-exclusion-nodist-theorem/
result-072,neurodegeneration-as-hayflick-tower,Neurodegeneration as Hayflick Tower Crossing,R,,/results/problem/neurodegeneration-as-hayflick-tower/
result-073,riemann-hypothesis-spectral-approach,Riemann Hypothesis (spectral approach),P,math-riemann-hypothesis,/results/problem/riemann-hypothesis-spectral-approach/
result-074,what-is-life,What is Life?,R,life-origin-of-life,/results/problem/what-is-life/
result-075,membrane-first-vs-metabolism-first,Membrane-First vs Metabolism-First,R,,/results/problem/membrane-first-vs-metabolism-first/
result-076,cell-as-tau-object,Cell as Tau-Object,R,,/results/problem/cell-as-tau-object/
result-077,panpsychism-excluded,Panpsychism Excluded,C,,/results/problem/panpsychism-excluded/
result-078,problem-of-universals,Problem of Universals,R,meta-problem-of-universals,/results/problem/problem-of-universals/
result-079,substance-vs-process-ontology,Substance vs Process Ontology,R,,/results/problem/substance-vs-process-ontology/
result-080,gettier-problem,Gettier Problem,R,meta-gettier-problem,/results/problem/gettier-problem/
result-081,no-forced-stance,No Forced Stance,R,,/results/problem/no-forced-stance/
result-082,machine-consciousness,Machine Consciousness,P,,/results/problem/machine-consciousness/
result-083,physical-reality-as-a-semantic-reading-of-e1,Physical Reality as a Semantic Reading of E1,R,,/results/problem/physical-reality-as-a-semantic-reading-of-e1/
result-084,life-as-structurally-favored-rather-than-accidental,Life as Structurally Favored Rather Than Accidental,Q,,/results/problem/life-as-structurally-favored-rather-than-accidental/
result-085,the-four-layer-architecture-of-reality,The Four-Layer Architecture of Reality,R,,/results/problem/the-four-layer-architecture-of-reality/
result-086,hyperfactorization,Hyperfactorization,R,,/results/problem/hyperfactorization/
result-087,prime-polarity,Prime Polarity,R,,/results/problem/prime-polarity/
result-088,categoricity-of-tau,Categoricity of Tau,R,,/results/problem/categoricity-of-tau/
result-089,enrichment-ladder,Enrichment Ladder,R,,/results/problem/enrichment-ladder/
result-090,identity-theorem,Identity Theorem,R,,/results/problem/identity-theorem/
result-091,riemann-hypothesis,Riemann Hypothesis,P,math-riemann-hypothesis,/results/problem/riemann-hypothesis/
result-092,p-vs-np,P vs NP,P,math-p-vs-np,/results/problem/p-vs-np/
result-093,goldbach-conjecture,Goldbach Conjecture,N,,/results/problem/goldbach-conjecture/
result-094,twin-primes,Twin Primes,N,,/results/problem/twin-primes/
result-095,abc-conjecture,ABC Conjecture,N,,/results/problem/abc-conjecture/
result-096,translation-functor-tau-zfc,Translation Functor tau → ZFC,P,,/results/problem/translation-functor-tau-zfc/
result-097,structural-instability-zfc-identity-slippage,Structural Instability / ZFC Identity Slippage,C,,/results/problem/structural-instability-zfc-identity-slippage/
result-098,why-three-generations,Why Three Generations?,R,,/results/problem/why-three-generations/
result-099,theta-qcd-0-strong-cp-problem,Theta_QCD = 0 / Strong CP Problem,R,,/results/problem/theta-qcd-0-strong-cp-problem/
result-100,w-mass-puzzle,W Mass Puzzle,R,,/results/problem/w-mass-puzzle/
result-101,electron-mass-precision,Electron Mass Precision,R,,/results/problem/electron-mass-precision/
result-102,dark-sector-closure,Dark Sector Closure,R,phys-dark-energy phys-dark-matter,/results/problem/dark-sector-closure/
result-103,muon-g-2-anomaly,Muon g−2 Anomaly,R,,/results/problem/muon-g-2-anomaly/
result-104,higgs-self-coupling,Higgs Self-Coupling,R,,/results/problem/higgs-self-coupling/
result-105,neutrino-mass-ordering,Neutrino Mass Ordering,R,phys-neutrino-mass,/results/problem/neutrino-mass-ordering/
result-106,individual-quark-masses,Individual Quark Masses,R,,/results/problem/individual-quark-masses/
result-107,0-majorana-neutrinos,0νββ / Majorana Neutrinos,R,,/results/problem/0-majorana-neutrinos/
result-108,hubble-tension,Hubble Tension,R,phys-hubble-tension,/results/problem/hubble-tension/
result-109,s8-tension,S8 Tension,R,,/results/problem/s8-tension/
result-110,desi-bao,DESI BAO,R,,/results/problem/desi-bao/
result-111,inflation-mechanism,Inflation Mechanism,R,,/results/problem/inflation-mechanism/
result-112,baryon-asymmetry,Baryon Asymmetry,R,,/results/problem/baryon-asymmetry/
result-113,galaxy-rotation-curves-without-dark-matter,Galaxy Rotation Curves without Dark Matter,R,phys-dark-matter phys-galaxy-rotation-problem,/results/problem/galaxy-rotation-curves-without-dark-matter/
result-114,no-hawking-radiation,No Hawking Radiation,C,,/results/problem/no-hawking-radiation/
result-115,no-axion-needed,No Axion Needed,C,,/results/problem/no-axion-needed/
result-116,not-mond,Not MOND,C,,/results/problem/not-mond/
result-117,high-tc-superconductivity,High-Tc Superconductivity,P,,/results/problem/high-tc-superconductivity/
result-118,proton-spin-puzzle,Proton Spin Puzzle,N,,/results/problem/proton-spin-puzzle/
result-119,quantum-computing,Quantum Computing,N,phys-temperature,/results/problem/quantum-computing/
result-120,navier-stokes-regularity,Navier–Stokes Regularity,N,,/results/problem/navier-stokes-regularity/
result-121,necessary-vs-sufficient-conditions-for-life,Necessary vs Sufficient Conditions for Life,R,,/results/problem/necessary-vs-sufficient-conditions-for-life/
result-122,non-reductive-emergence,Non-Reductive Emergence,R,,/results/problem/non-reductive-emergence/
result-123,substrate-independence-multiple-realizability,Substrate Independence / Multiple Realizability,R,,/results/problem/substrate-independence-multiple-realizability/
result-124,mathematical-biology-categorical-methods,Mathematical Biology — Categorical Methods,R,,/results/problem/mathematical-biology-categorical-methods/
result-125,homochirality-origin,Homochirality Origin,R,,/results/problem/homochirality-origin/
result-126,abiogenesis-timescale,Abiogenesis Timescale,R,,/results/problem/abiogenesis-timescale/
result-127,minimal-cell-synthetic-life-criteria,Minimal Cell / Synthetic Life Criteria,R,,/results/problem/minimal-cell-synthetic-life-criteria/
result-128,genetic-code-optimality,Genetic Code Optimality,R,,/results/problem/genetic-code-optimality/
result-129,epigenetics,Epigenetics,R,,/results/problem/epigenetics/
result-130,cell-membrane-origins,Cell Membrane Origins,R,,/results/problem/cell-membrane-origins/
result-131,atp-uniqueness,ATP Uniqueness,R,,/results/problem/atp-uniqueness/
result-132,neurodegeneration,Neurodegeneration,R,,/results/problem/neurodegeneration/
result-133,machine-consciousness-life-side-bridge,Machine Consciousness (Life-side bridge),P,life-consciousness,/results/problem/machine-consciousness-life-side-bridge/
result-134,bh-as-alive,BH-as-Alive,R,,/results/problem/bh-as-alive/
result-135,protein-folding,Protein Folding,N,life-biology-protein-folding,/results/problem/protein-folding/
result-136,immune-specificity,Immune Specificity,N,,/results/problem/immune-specificity/
result-137,aging-mechanism,Aging Mechanism,N,,/results/problem/aging-mechanism/
result-138,identity-of-indiscernibles,Identity of Indiscernibles,R,,/results/problem/identity-of-indiscernibles/
result-139,structural-realism,Structural Realism,R,,/results/problem/structural-realism/
result-140,hard-problem-of-consciousness,Hard Problem of Consciousness,P,life-consciousness meta-hard-problem-of-consciousness,/results/problem/hard-problem-of-consciousness/
result-141,temporal-experience,Temporal Experience,R,,/results/problem/temporal-experience/
result-142,definition-of-beauty,Definition of Beauty,R,,/results/problem/definition-of-beauty/
result-143,beauty-and-truth,Beauty and Truth,R,,/results/problem/beauty-and-truth/
result-144,reference-problem,Reference Problem,R,,/results/problem/reference-problem/
result-145,private-language-argument,Private Language Argument,R,,/results/problem/private-language-argument/
result-146,g-del-avoidance,Gödel Avoidance,R,,/results/problem/g-del-avoidance/
result-147,paraconsistent-logic,Paraconsistent Logic,R,,/results/problem/paraconsistent-logic/
result-148,categorical-imperative-derivation,Categorical Imperative Derivation,R,,/results/problem/categorical-imperative-derivation/
result-149,ci-uniqueness,CI Uniqueness,R,,/results/problem/ci-uniqueness/
result-150,free-will-and-moral-responsibility,Free Will and Moral Responsibility,R,life-biology-free-will life-neuroscience-free-will-particularly-the-neuroscience-of-free-will,/results/problem/free-will-and-moral-responsibility/
result-151,political-legitimacy,Political Legitimacy,R,,/results/problem/political-legitimacy/
result-152,machine-consciousness-e3,Machine Consciousness (E3),R,,/results/problem/machine-consciousness-e3/
result-153,faith-reason-bridge,Faith–Reason Bridge,R,,/results/problem/faith-reason-bridge/
result-154,why-so-many-results-are-even-possible,Why So Many Results Are Even Possible,R,,/results/problem/why-so-many-results-are-even-possible/
result-155,consciousness-across-e1-e3,Consciousness Across E1–E3,P,life-consciousness,/results/problem/consciousness-across-e1-e3/
result-156,black-holes-across-e1-e3,Black Holes Across E1–E3,R,,/results/problem/black-holes-across-e1-e3/
result-157,chirality-symmetry-breaking-across-e0-e2,Chirality / Symmetry Breaking Across E0–E2,R,,/results/problem/chirality-symmetry-breaking-across-e0-e2/
result-158,ethics-normativity-across-e2-e3,Ethics / Normativity Across E2–E3,R,,/results/problem/ethics-normativity-across-e2-e3/
result-159,information-self-reference-across-e0-e3,Information / Self-Reference Across E0–E3,R,,/results/problem/information-self-reference-across-e0-e3/
result-160,weinberg-angle-sin-w-precision,Weinberg Angle sin²θ_W Precision,R,,/results/problem/weinberg-angle-sin-w-precision/
result-161,strong-coupling-s-at-the-z-pole,Strong Coupling α_s at the Z Pole,R,,/results/problem/strong-coupling-s-at-the-z-pole/
result-162,neutron-lifetime-puzzle,Neutron Lifetime Puzzle,R,phys-neutron-lifetime-puzzle,/results/problem/neutron-lifetime-puzzle/
result-163,periodic-table-structure,Periodic Table Structure,R,,/results/problem/periodic-table-structure/
result-164,hierarchy-problem,Hierarchy Problem,R,phys-hierarchy-problem,/results/problem/hierarchy-problem/
result-165,vacuum-catastrophe-resolution,Vacuum Catastrophe Framework Account,R,,/results/problem/vacuum-catastrophe-resolution/
result-166,fine-tuning-dissolved,Fine-Tuning Dissolved,R,,/results/problem/fine-tuning-dissolved/
result-167,qcd-confinement,QCD Confinement,P,,/results/problem/qcd-confinement/
result-168,chandrasekhar-mass-limit,Chandrasekhar Mass Limit,R,,/results/problem/chandrasekhar-mass-limit/
result-169,deuterium-abundance,Deuterium Abundance,R,,/results/problem/deuterium-abundance/
result-170,measurement-problem,Measurement Problem,R,,/results/problem/measurement-problem/
result-171,bh-information-paradox,BH Information Paradox,R,,/results/problem/bh-information-paradox/
result-172,equivalence-principle-from,Equivalence Principle from τ,R,,/results/problem/equivalence-principle-from/
result-173,tully-fisher-relation,Tully-Fisher Relation,R,,/results/problem/tully-fisher-relation/
result-174,bh-quasi-normal-modes,BH Quasi-Normal Modes,R,,/results/problem/bh-quasi-normal-modes/
result-175,ckm-unitarity-and-cabibbo-anomaly,CKM Unitarity and Cabibbo Anomaly,P,,/results/problem/ckm-unitarity-and-cabibbo-anomaly/
result-176,neutron-edm,Neutron EDM,R,,/results/problem/neutron-edm/
result-177,emergence-of-spacetime,Emergence of Spacetime,P,phys-quantum-spacetime-or-the-emergence-of-spacetime,/results/problem/emergence-of-spacetime/
result-178,dark-energy-equation-of-state,Dark Energy Equation of State,R,phys-dark-energy,/results/problem/dark-energy-equation-of-state/
result-179,primordial-gravitational-waves,Primordial Gravitational Waves,R,,/results/problem/primordial-gravitational-waves/
result-180,silk-damping-scale,Silk Damping Scale,R,,/results/problem/silk-damping-scale/
result-181,proton-g-factor,Proton g-Factor,P,,/results/problem/proton-g-factor/
result-182,vitalism-vs-mechanism-dissolved,Vitalism vs Mechanism Dissolved,R,,/results/problem/vitalism-vs-mechanism-dissolved/
result-183,computability-of-biological-processes,Computability of Biological Processes,R,,/results/problem/computability-of-biological-processes/
result-184,self-reference-in-living-systems,Self-Reference in Living Systems,R,,/results/problem/self-reference-in-living-systems/
result-185,circadian-clock-mechanisms,Circadian Clock Mechanisms,R,,/results/problem/circadian-clock-mechanisms/
result-186,morphogen-gradient-interpretation,Morphogen Gradient Interpretation,R,,/results/problem/morphogen-gradient-interpretation/
result-187,cellular-senescence,Cellular Senescence,R,,/results/problem/cellular-senescence/
result-188,organelle-evolution-via-endosymbiosis,Organelle Evolution via Endosymbiosis,R,,/results/problem/organelle-evolution-via-endosymbiosis/
result-189,metabolic-network-topology,Metabolic Network Topology,R,,/results/problem/metabolic-network-topology/
result-190,central-dogma-and-its-exceptions,Central Dogma and Its Exceptions,R,,/results/problem/central-dogma-and-its-exceptions/
result-191,sexual-reproduction-cost-and-benefit,Sexual Reproduction Cost and Benefit,R,,/results/problem/sexual-reproduction-cost-and-benefit/
result-192,convergent-evolution,Convergent Evolution,R,,/results/problem/convergent-evolution/
result-193,fitness-landscape-theory,Fitness Landscape Theory,R,,/results/problem/fitness-landscape-theory/
result-194,red-queen-hypothesis,Red Queen Hypothesis,R,,/results/problem/red-queen-hypothesis/
result-195,trophic-cascade-dynamics,Trophic Cascade Dynamics,R,,/results/problem/trophic-cascade-dynamics/
result-196,mycorrhizal-networks,Mycorrhizal Networks,R,,/results/problem/mycorrhizal-networks/
result-197,sleep-function,Sleep Function,R,,/results/problem/sleep-function/
result-198,consciousness-neural-correlates,Consciousness Neural Correlates,R,life-consciousness,/results/problem/consciousness-neural-correlates/
result-199,far-future-cosmology-and-universal-bh,Far-Future Cosmology and Universal BH,R,,/results/problem/far-future-cosmology-and-universal-bh/
result-200,persistence-through-change,Persistence Through Change,R,,/results/problem/persistence-through-change/
result-201,mereological-composition,Mereological Composition,R,,/results/problem/mereological-composition/
result-202,ontological-dependence,Ontological Dependence,R,,/results/problem/ontological-dependence/
result-203,intentionality,Intentionality,R,,/results/problem/intentionality/
result-204,embodied-cognition,Embodied Cognition,R,,/results/problem/embodied-cognition/
result-205,intersubjectivity,Intersubjectivity,R,,/results/problem/intersubjectivity/
result-206,the-sublime,The Sublime,R,,/results/problem/the-sublime/
result-207,musical-universals,Musical Universals,R,,/results/problem/musical-universals/
result-208,gavagai-and-indeterminacy-of-translation,Gavagai and Indeterminacy of Translation,R,,/results/problem/gavagai-and-indeterminacy-of-translation/
result-209,syntax-semantics-dissolution,Syntax-Semantics Dissolution,R,,/results/problem/syntax-semantics-dissolution/
result-210,ai-language-understanding,AI Language Understanding,R,,/results/problem/ai-language-understanding/
result-211,trolley-problem-resolution,Trolley Problem Framework Account,R,,/results/problem/trolley-problem-resolution/
result-212,moral-realism-derived,Moral Realism Derived,R,,/results/problem/moral-realism-derived/
result-213,animal-rights-and-dignity,Animal Rights and Dignity,R,,/results/problem/animal-rights-and-dignity/
result-214,is-ought-gap-bridged,Is-Ought Gap Bridged,R,,/results/problem/is-ought-gap-bridged/
result-215,emotions-as-register-transitions,Emotions as Register Transitions,R,,/results/problem/emotions-as-register-transitions/
result-216,binding-problem-dissolved,Binding Problem Dissolved,R,,/results/problem/binding-problem-dissolved/
result-217,extended-mind,Extended Mind,R,,/results/problem/extended-mind/
result-218,narrative-identity,Narrative Identity,R,,/results/problem/narrative-identity/
result-219,why-something-rather-than-nothing,Why Something Rather Than Nothing,R,meta-why-something-rather-than-nothing,/results/problem/why-something-rather-than-nothing/
result-220,fundamental-theorem-of-arithmetic,Fundamental Theorem of Arithmetic,R,,/results/problem/fundamental-theorem-of-arithmetic/
result-221,cantor-diagonal-inapplicability,Cantor Diagonal Inapplicability,R,,/results/problem/cantor-diagonal-inapplicability/
result-222,unique-infinity,Unique Infinity,R,,/results/problem/unique-infinity/
result-223,stone-duality,Stone Duality,R,,/results/problem/stone-duality/
result-224,fibration-structure-f-t,Fibration Structure τ³ = τ¹ ×_f T²,R,,/results/problem/fibration-structure-f-t/
result-225,tarski-axioms-for-geometry,Tarski Axioms for Geometry,R,,/results/problem/tarski-axioms-for-geometry/
result-226,yoneda-lemma,Yoneda Lemma,R,,/results/problem/yoneda-lemma/
result-227,earned-topos,Earned Topos,R,,/results/problem/earned-topos/
result-228,poincar-conjecture-reinterpretation,Poincaré Conjecture Reinterpretation,R,math-poincare-conjecture,/results/problem/poincar-conjecture-reinterpretation/
result-229,hodge-conjecture-approach,Hodge Conjecture Approach,P,math-hodge-conjecture,/results/problem/hodge-conjecture-approach/
result-230,bsd-conjecture-approach,BSD Conjecture Approach,P,,/results/problem/bsd-conjecture-approach/
result-231,langlands-program-approach,Langlands Program Approach,P,math-langlands-program,/results/problem/langlands-program-approach/
result-232,grand-grh-approach,Grand GRH Approach,P,,/results/problem/grand-grh-approach/
result-233,tower-machine-architecture,Tower Machine Architecture,R,,/results/problem/tower-machine-architecture/
result-234,number-tower-n-z-q-r-c,Number Tower N → Z → Q → R → C,R,,/results/problem/number-tower-n-z-q-r-c/
result-235,cosmic-censorship,Cosmic Censorship: Boundary Compactness + Hartogs Extension,R,phys-the-cosmic-censorship-hypothesis-and-the-chronology-protection-conjecture,/results/problem/cosmic-censorship/
result-236,chronology-protection-no-ctcs,Chronology Protection: Closed Timelike Curves Structurally Excluded,R,,/results/problem/chronology-protection-no-ctcs/
result-237,holographic-principle,Holographic Principle: Bulk ↔ Boundary Correspondence Proved,R,phys-holographic-principle,/results/problem/holographic-principle/
result-238,problem-of-time,Problem of Time: Wheeler-DeWitt Frozen Formalism Dissolved,R,phys-problem-of-time,/results/problem/problem-of-time/
result-239,supermassive-black-holes-early-universe,Supermassive Black Holes in the Early Universe: JWST Enhancement Theorem,R,phys-supermassive-black-holes,/results/problem/supermassive-black-holes-early-universe/
result-240,cosmic-magnetic-fields,Cosmic Magnetic Fields: SMBH-Jet Frozen Flux Along Wilson Filaments,R,phys-origin-of-cosmic-magnetic-fields,/results/problem/cosmic-magnetic-fields/
result-241,astrophysical-jets,Astrophysical Jets: Topological Collimation from T² Fibration,R,phys-astrophysical-jet,/results/problem/astrophysical-jets/
result-242,supernovae-mechanism,Core-Collapse Supernovae: Channel Reversal at Nuclear Density,R,phys-supernovae,/results/problem/supernovae-mechanism/
result-243,coronal-heating,Coronal Heating: Parameter-Free Damping Length from dim(T²)=2,R,phys-coronal-heating-problem,/results/problem/coronal-heating/
result-244,grand-unification-dissolved,Grand Unification: Why Eight Decades of Unification Failed,R,phys-grand-unification,/results/problem/grand-unification-dissolved/
result-245,supersymmetry-structurally-absent,Supersymmetry: Sector Exhaustion Rules Out Superpartners,R,phys-supersymmetry,/results/problem/supersymmetry-structurally-absent/
result-246,no-magnetic-monopoles,Magnetic Monopoles: Forbidden by the Bianchi Identity,R,phys-magnetic-monopoles,/results/problem/no-magnetic-monopoles/
result-247,glueballs,Glueballs: Mass Gap = Minimum Glueball Mass,R,phys-glueballs,/results/problem/glueballs/
result-248,exotic-hadrons,Exotic Hadrons: Color-Singlet Enumeration of Tetraquarks and Pentaquarks,R,phys-pentaquarks-and-other-exotic-hadrons,/results/problem/exotic-hadrons/
result-249,qcd-phases-qgp,QCD Phases: Quark-Gluon Plasma as High-Temperature Confinement,R,,/results/problem/qcd-phases-qgp/
result-250,glass-transition,Glass Transition: Regime from Defect-Tuple Phase Space,R,,/results/problem/glass-transition/
result-251,superfluid-helium-4-lambda,Superfluid Helium-4: Minimal Donut Criterion from ι_τ,R,,/results/problem/superfluid-helium-4-lambda/
result-252,proton-stability,Proton Stability: Address Irresolvability Forbids Baryon Decay,R,,/results/problem/proton-stability/
result-253,horizon-problem,Horizon Problem: CMB Uniformity from τ³ Compactness,R,phys-horizon-problem,/results/problem/horizon-problem/
result-254,last-universal-common-ancestor,Last Universal Common Ancestor (LUCA): Root of the Tree as Persistence Sector,R,life-biology-last-universal-common-ancestor,/results/problem/last-universal-common-ancestor/
result-255,paradox-of-the-plankton,Paradox of the Plankton: Nash Equilibrium on Carrier Configuration Space,R,life-biology-paradox-of-the-plankton,/results/problem/paradox-of-the-plankton/
